{
    "name": "copydata_pipeline",
    "properties": {
        "activities": [
            {
                "name": "Copy athlete events activity",
                "type": "Copy",
                "dependsOn": [],
                "policy": {
                    "timeout": "0.12:00:00",
                    "retry": 0,
                    "retryIntervalInSeconds": 30,
                    "secureOutput": false,
                    "secureInput": false
                },
                "userProperties": [],
                "typeProperties": {
                    "source": {
                        "type": "BinarySource",
                        "storeSettings": {
                            "type": "HttpReadSettings",
                            "requestMethod": "GET"
                        },
                        "formatSettings": {
                            "type": "BinaryReadSettings",
                            "compressionProperties": {
                                "type": "ZipDeflateReadSettings"
                            }
                        }
                    },
                    "sink": {
                        "type": "BinarySink",
                        "storeSettings": {
                            "type": "AzureBlobFSWriteSettings"
                        }
                    },
                    "enableStaging": false
                },
                "inputs": [
                    {
                        "referenceName": "HTTPZippedFileSource",
                        "type": "DatasetReference"
                    }
                ],
                "outputs": [
                    {
                        "referenceName": "HTTPUnzippedFileSink",
                        "type": "DatasetReference"
                    }
                ]
            },
            {
                "name": "Copy noc region activity",
                "description": "",
                "type": "Copy",
                "dependsOn": [
                    {
                        "activity": "Copy athlete events activity",
                        "dependencyConditions": [
                            "Completed"
                        ]
                    }
                ],
                "policy": {
                    "timeout": "0.12:00:00",
                    "retry": 0,
                    "retryIntervalInSeconds": 30,
                    "secureOutput": false,
                    "secureInput": false
                },
                "userProperties": [],
                "typeProperties": {
                    "source": {
                        "type": "DelimitedTextSource",
                        "storeSettings": {
                            "type": "HttpReadSettings",
                            "requestMethod": "GET"
                        },
                        "formatSettings": {
                            "type": "DelimitedTextReadSettings"
                        }
                    },
                    "sink": {
                        "type": "DelimitedTextSink",
                        "storeSettings": {
                            "type": "AzureBlobFSWriteSettings"
                        },
                        "formatSettings": {
                            "type": "DelimitedTextWriteSettings",
                            "quoteAllText": true,
                            "fileExtension": ".txt"
                        }
                    },
                    "enableStaging": false,
                    "translator": {
                        "type": "TabularTranslator",
                        "mappings": [
                            {
                                "source": {
                                    "name": "NOC",
                                    "type": "String",
                                    "physicalType": "String"
                                },
                                "sink": {
                                    "name": "NOC",
                                    "type": "String",
                                    "physicalType": "String"
                                }
                            },
                            {
                                "source": {
                                    "name": "region",
                                    "type": "String",
                                    "physicalType": "String"
                                },
                                "sink": {
                                    "name": "region",
                                    "type": "String",
                                    "physicalType": "String"
                                }
                            },
                            {
                                "source": {
                                    "name": "notes",
                                    "type": "String",
                                    "physicalType": "String"
                                },
                                "sink": {
                                    "name": "notes",
                                    "type": "String",
                                    "physicalType": "String"
                                }
                            }
                        ],
                        "typeConversion": true,
                        "typeConversionSettings": {
                            "allowDataTruncation": true,
                            "treatBooleanAsNumber": false
                        }
                    }
                },
                "inputs": [
                    {
                        "referenceName": "HTTPNOCRegionFileSource",
                        "type": "DatasetReference"
                    }
                ],
                "outputs": [
                    {
                        "referenceName": "HTTPNOCRegionFileSink",
                        "type": "DatasetReference"
                    }
                ]
            }
        ],
        "annotations": [],
        "lastPublishTime": "2024-09-05T09:18:18Z"
    },
    "type": "Microsoft.DataFactory/factories/pipelines"
}