{
    "name": "HTTPZippedFileSource",
    "properties": {
        "linkedServiceName": {
            "referenceName": "HTTPZippedFileServer",
            "type": "LinkedServiceReference"
        },
        "annotations": [],
        "type": "Binary",
        "typeProperties": {
            "location": {
                "type": "HttpServerLocation"
            },
            "compression": {
                "type": "ZipDeflate"
            }
        }
    },
    "type": "Microsoft.DataFactory/factories/datasets"
}