{
    "name": "HTTPUnzippedFileSink",
    "properties": {
        "linkedServiceName": {
            "referenceName": "ADLSRaw",
            "type": "LinkedServiceReference"
        },
        "annotations": [],
        "type": "Binary",
        "typeProperties": {
            "location": {
                "type": "AzureBlobFSLocation",
                "fileName": "athlete_events.csv",
                "folderPath": "bronze",
                "fileSystem": "olympics-raw"
            }
        }
    },
    "type": "Microsoft.DataFactory/factories/datasets"
}