{
    "name": "HTTPNOCRegionFileSink",
    "properties": {
        "linkedServiceName": {
            "referenceName": "ADLSRaw",
            "type": "LinkedServiceReference"
        },
        "annotations": [],
        "type": "DelimitedText",
        "typeProperties": {
            "location": {
                "type": "AzureBlobFSLocation",
                "fileName": "noc_regions.csv",
                "folderPath": "bronze",
                "fileSystem": "olympics-raw"
            },
            "columnDelimiter": ",",
            "escapeChar": "\\",
            "firstRowAsHeader": true,
            "quoteChar": "\""
        },
        "schema": []
    },
    "type": "Microsoft.DataFactory/factories/datasets"
}