{
    "now": "2024-10-17T05:56:13.866Z",
    "perfNow": 1074626.700000003,
    "diagnosticCorrelation": "b711a87a-69d9-4e7a-84c9-6dd23a86f3a4",
    "source": "DownloadSupportFiles",
    "environment": {
        "productName": "adf",
        "buildVersion": "1.0.092724.5",
        "environmentType": 3,
        "resourceName": "olympicsdfniz",
        "resourceRegion": "australiasoutheast",
        "resourceGroup": "olympics-rg",
        "subscriptionId": "6e651e33-80a3-41c7-beb6-02d4da0af105",
        "sessionId": "J1AZ6GMpHbnjGwr2kG83XZ",
        "operationId": "",
        "gitType": "live",
        "loggingKey": "3ed563f2-7001-4f59-a42b-b75cea937de3"
    },
    "additionalInfo": {
        "selectedResource": "copydata_pipeline",
        "selectedResourceType": "pipeline"
    }
}